Produit,Prix (€)
Track pants Regular Fit tracksuit bottoms,16
Men's Slim Fit Stretch Casual Chino Pant,21
Men's Cotton Jogging Bottoms - Long Sports Pants for Men - Joggers,16
Hasso - Work Utility Pants - Cargo - Men,16
Men's Slim Fit Stretch Casual Chino Pant,21
Men's Workout Essentials All-Set 3-Stripes Knit Pant,24
"Men Regular Fit Jeans, Cotton Pants, Mid Waist Jeans, Regular Men's Jeans LE-2487",abs
Men's Slim Jeans - Discontinued Colors,13
Chino Pants Pack of 2 Slim Fit Chino Pants,44
Men's Straight Fit Stretch Golf Pants,24
Men's Classic Fit Stretch Casual Chino Pant,10
Men's Straight Fit Wrinkle Free Chino Pant,8
"Men's Straight Fit Signature 2.0 Khaki Pants - Creaseless, Sahara Khaki., 40W / 32L",42
Pantalón Sanitarios Unisex – Work Trousers – Men's Work Trousers,14
Men's Classic Fit Stretch Anti-Wrinkle Dress Pant,26
Men's Casual Straight Leg Stretch Chino Pants,13
103020B Two-Tone Multi-Pocket Trousers,17
JJIGLENN Homme Jean Bleu Clair Slim Fit,24
Men's Athletic Fit Casual Stretch Chino Pant (Plus Size Available),20
103020B Two-Tone Multi-Pocket Trousers,18
Ess No. 1 Logo Sweatpants FL Cl - Knitted Trousers - Men's Knitted Trousers,21
Cargo Trousers Slim Fit Cargo Pants,20
Men's Fleece Open Bottom Sweatpants (Available in Plus Sizes),13
Slim Men's Slim Fit Jogging Bottoms with Zip Pockets,13
Men's Fleece Open Bottom Sweatpants (Available in Plus Sizes),13
Pantalón de Popelín Con Cintas Unisex Chefs Trousers,20
"Mens Cargo Jogger Pants, Stretch Drawstring Sweatpants, Casual Tapered Pants with Multiple Pockets for Workout, Outdoor, Daily Wear",5
"Men's Trousers, Men's Cargo Trousers, Cotton Cargo Trousers, Side Pockets, Work Trousers G6538",abs
Chino Shorts Regular Fit Chino Shorts,26
345 - Trousers - Normal - Unisex,14
VELILLA 103001 Multi-Pocket Trousers Navy Size 46,15
Men's Fleece Open Bottom Sweatpants (Available in Plus Sizes),13
Men's Slim Fit 5-Pocket Comfort Stretch Chino Pant (Already Goodthreads),19
Men's Classic Fit Stretch Waist Flat Front Suit Pant,27
Wide Leg Pants for Women High Waist Waffle Knit Palazzo Pants Loose Fit Long Business Casual Pants with Pockets,8
Signature Khaki Slim Fit Pants Men,49
"Men's Trousers, Men's Cargo Trousers, Cotton Cargo Trousers, Side Pockets, Work Trousers G6538",abs
Women's Mid-Rise Slim Fit Tapered Leg Short Stretch Chino Pants (Available in Plus Sizes),20
Men's Casual Long Pants Linen Pants Loose Fit Drawstring Straight Waist Summer Yoga Beach Pants,6
Women's Slim Fit Straight Leg Stretch Twill Fabric Chino Pants,27
Men's Slim Fit 5-Pocket Comfort Stretch Chino Pant (Already Goodthreads),19
Men's Slim Fit Suit Trousers without Darts,9
Men's Athletic Fit Stretch Jeans - Discontinued Colors,21
Legacy Icons Powerblend Terry Contrast Logo Rib Cuff Men's Tracksuit Bottoms,28
Cargo Pants Cargo Pants Loose Fit,21
"Pack of 2 - Unisex Sanitary Trousers - Medical Uniforms, Sanitary Uniforms, Work Trousers - Ref 8312 x 2 Pieces",24
Men's Athletic Fit Casual Stretch Chino Pant (Plus Size Available),20
"Mens Cargo Jogger Pants, Stretch Drawstring Sweatpants, Casual Tapered Pants with Multiple Pockets for Workout, Outdoor, Daily Wear",5
